annotator,dialogue_order,version_order,item_id,version,whisper_index,n_whispers,calibration,uptake_1to5,should_be_silent_0or1,note
ann1,1,1,soda_Test_000056-C,C,1,4,0,3,0,
ann1,1,1,soda_Test_000056-C,C,2,4,0,2,1,
ann1,1,1,soda_Test_000056-C,C,3,4,0,3,0,
ann1,1,1,soda_Test_000056-C,C,4,4,0,4,0,
ann1,1,2,soda_Test_000056-B,B,1,4,0,5,0,
ann1,1,2,soda_Test_000056-B,B,2,4,0,5,0,
ann1,1,2,soda_Test_000056-B,B,3,4,0,3,0,
ann1,1,2,soda_Test_000056-B,B,4,4,0,5,0,
ann1,1,3,soda_Test_000056-D,D,1,4,0,5,0,
ann1,1,3,soda_Test_000056-D,D,2,4,0,3,0,
ann1,1,3,soda_Test_000056-D,D,3,4,0,4,0,
ann1,1,3,soda_Test_000056-D,D,4,4,0,5,0,
ann1,1,4,soda_Test_000056-G,G,1,4,0,4,0,
ann1,1,4,soda_Test_000056-G,G,2,4,0,3,0,
ann1,1,4,soda_Test_000056-G,G,3,4,0,5,0,
ann1,1,4,soda_Test_000056-G,G,4,4,0,5,0,
ann1,1,5,soda_Test_000056-A,A,1,4,0,4,0,
ann1,1,5,soda_Test_000056-A,A,2,4,0,5,0,
ann1,1,5,soda_Test_000056-A,A,3,4,0,3,0,
ann1,1,5,soda_Test_000056-A,A,4,4,0,5,0,
ann1,1,6,soda_Test_000056-E,E,1,4,0,4,0,
ann1,1,6,soda_Test_000056-E,E,2,4,0,2,0,
ann1,1,6,soda_Test_000056-E,E,3,4,0,3,0,
ann1,1,6,soda_Test_000056-E,E,4,4,0,1,0,
ann1,1,7,soda_Test_000056-F,F,1,4,0,4,0,
ann1,1,7,soda_Test_000056-F,F,2,4,0,3,0,
ann1,1,7,soda_Test_000056-F,F,3,4,0,3,0,
ann1,1,7,soda_Test_000056-F,F,4,4,0,5,0,
ann1,2,1,synthetic_Test_000152-G,G,1,6,0,5,0,
ann1,2,1,synthetic_Test_000152-G,G,2,6,0,4,0,
ann1,2,1,synthetic_Test_000152-G,G,3,6,0,5,0,
ann1,2,1,synthetic_Test_000152-G,G,4,6,0,5,0,
ann1,2,1,synthetic_Test_000152-G,G,5,6,0,5,0,
ann1,2,1,synthetic_Test_000152-G,G,6,6,0,5,0,
ann1,2,2,synthetic_Test_000152-E,E,1,6,0,5,0,
ann1,2,2,synthetic_Test_000152-E,E,2,6,0,1,0,
ann1,2,2,synthetic_Test_000152-E,E,3,6,0,5,0,
ann1,2,2,synthetic_Test_000152-E,E,4,6,0,5,0,
ann1,2,2,synthetic_Test_000152-E,E,5,6,0,5,0,
ann1,2,2,synthetic_Test_000152-E,E,6,6,0,5,0,
ann1,2,3,synthetic_Test_000152-D,D,1,6,0,5,0,
ann1,2,3,synthetic_Test_000152-D,D,2,6,0,1,0,
ann1,2,3,synthetic_Test_000152-D,D,3,6,0,5,0,
ann1,2,3,synthetic_Test_000152-D,D,4,6,0,5,0,
ann1,2,3,synthetic_Test_000152-D,D,5,6,0,4,0,
ann1,2,3,synthetic_Test_000152-D,D,6,6,0,1,0,
ann1,2,4,synthetic_Test_000152-C,C,1,6,0,5,0,
ann1,2,4,synthetic_Test_000152-C,C,2,6,0,1,0,
ann1,2,4,synthetic_Test_000152-C,C,3,6,0,5,0,
ann1,2,4,synthetic_Test_000152-C,C,4,6,0,5,0,
ann1,2,4,synthetic_Test_000152-C,C,5,6,0,4,0,
ann1,2,4,synthetic_Test_000152-C,C,6,6,0,1,0,
ann1,2,5,synthetic_Test_000152-F,F,1,6,0,5,0,
ann1,2,5,synthetic_Test_000152-F,F,2,6,0,5,0,
ann1,2,5,synthetic_Test_000152-F,F,3,6,0,5,0,
ann1,2,5,synthetic_Test_000152-F,F,4,6,0,5,0,
ann1,2,5,synthetic_Test_000152-F,F,5,6,0,5,0,
ann1,2,5,synthetic_Test_000152-F,F,6,6,0,5,0,
ann1,2,6,synthetic_Test_000152-B,B,1,6,0,5,0,
ann1,2,6,synthetic_Test_000152-B,B,2,6,0,1,0,
ann1,2,6,synthetic_Test_000152-B,B,3,6,0,5,0,
ann1,2,6,synthetic_Test_000152-B,B,4,6,0,5,0,
ann1,2,6,synthetic_Test_000152-B,B,5,6,0,5,0,
ann1,2,6,synthetic_Test_000152-B,B,6,6,0,5,0,
ann1,2,7,synthetic_Test_000152-A,A,1,6,0,3,0,
ann1,2,7,synthetic_Test_000152-A,A,2,6,0,2,0,
ann1,2,7,synthetic_Test_000152-A,A,3,6,0,1,0,
ann1,2,7,synthetic_Test_000152-A,A,4,6,0,5,0,
ann1,2,7,synthetic_Test_000152-A,A,5,6,0,4,0,
ann1,2,7,synthetic_Test_000152-A,A,6,6,0,3,0,
ann1,3,1,soda_Test_000139-D,D,1,8,0,1,1,
ann1,3,1,soda_Test_000139-D,D,2,8,0,1,0,
ann1,3,1,soda_Test_000139-D,D,3,8,0,5,0,
ann1,3,1,soda_Test_000139-D,D,4,8,0,4,0,
ann1,3,1,soda_Test_000139-D,D,5,8,0,3,0,
ann1,3,1,soda_Test_000139-D,D,6,8,0,1,1,
ann1,3,1,soda_Test_000139-D,D,7,8,0,1,0,
ann1,3,1,soda_Test_000139-D,D,8,8,0,5,0,
ann1,3,2,soda_Test_000139-C,C,1,8,0,4,0,
ann1,3,2,soda_Test_000139-C,C,2,8,0,1,0,
ann1,3,2,soda_Test_000139-C,C,3,8,0,4,0,
ann1,3,2,soda_Test_000139-C,C,4,8,0,5,0,
ann1,3,2,soda_Test_000139-C,C,5,8,0,1,0,
ann1,3,2,soda_Test_000139-C,C,6,8,0,4,0,
ann1,3,2,soda_Test_000139-C,C,7,8,0,1,0,
ann1,3,2,soda_Test_000139-C,C,8,8,0,3,0,
ann1,3,3,soda_Test_000139-A,A,1,8,0,3,0,
ann1,3,3,soda_Test_000139-A,A,2,8,0,1,0,
ann1,3,3,soda_Test_000139-A,A,3,8,0,1,0,
ann1,3,3,soda_Test_000139-A,A,4,8,0,5,0,
ann1,3,3,soda_Test_000139-A,A,5,8,0,1,0,
ann1,3,3,soda_Test_000139-A,A,6,8,0,1,0,
ann1,3,3,soda_Test_000139-A,A,7,8,0,1,0,
ann1,3,3,soda_Test_000139-A,A,8,8,0,5,0,
ann1,3,4,soda_Test_000139-B,B,1,8,0,3,0,
ann1,3,4,soda_Test_000139-B,B,2,8,0,1,0,
ann1,3,4,soda_Test_000139-B,B,3,8,0,5,0,
ann1,3,4,soda_Test_000139-B,B,4,8,0,4,0,
ann1,3,4,soda_Test_000139-B,B,5,8,0,2,0,
ann1,3,4,soda_Test_000139-B,B,6,8,0,4,0,
ann1,3,4,soda_Test_000139-B,B,7,8,0,1,0,
ann1,3,4,soda_Test_000139-B,B,8,8,0,5,0,
ann1,3,5,soda_Test_000139-E,E,1,8,0,4,0,
ann1,3,5,soda_Test_000139-E,E,2,8,0,5,0,
ann1,3,5,soda_Test_000139-E,E,3,8,0,3,0,
ann1,3,5,soda_Test_000139-E,E,4,8,0,1,0,
ann1,3,5,soda_Test_000139-E,E,5,8,0,1,0,
ann1,3,5,soda_Test_000139-E,E,6,8,0,1,0,
ann1,3,5,soda_Test_000139-E,E,7,8,0,1,0,
ann1,3,5,soda_Test_000139-E,E,8,8,0,5,0,
ann1,3,6,soda_Test_000139-F,F,1,8,0,5,0,
ann1,3,6,soda_Test_000139-F,F,2,8,0,1,0,
ann1,3,6,soda_Test_000139-F,F,3,8,0,5,0,
ann1,3,6,soda_Test_000139-F,F,4,8,0,5,0,
ann1,3,6,soda_Test_000139-F,F,5,8,0,1,0,
ann1,3,6,soda_Test_000139-F,F,6,8,0,4,0,
ann1,3,6,soda_Test_000139-F,F,7,8,0,3,0,
ann1,3,6,soda_Test_000139-F,F,8,8,0,2,0,
ann1,3,7,soda_Test_000139-G,G,1,8,0,1,0,
ann1,3,7,soda_Test_000139-G,G,2,8,0,2,0,
ann1,3,7,soda_Test_000139-G,G,3,8,0,1,0,
ann1,3,7,soda_Test_000139-G,G,4,8,0,5,0,
ann1,3,7,soda_Test_000139-G,G,5,8,0,1,0,
ann1,3,7,soda_Test_000139-G,G,6,8,0,1,0,
ann1,3,7,soda_Test_000139-G,G,7,8,0,3,0,
ann1,3,7,soda_Test_000139-G,G,8,8,0,5,0,
ann1,4,1,soda_Test_000234-A,A,1,6,1,5,0,
ann1,4,1,soda_Test_000234-A,A,2,6,1,2,0,
ann1,4,1,soda_Test_000234-A,A,3,6,1,3,0,
ann1,4,1,soda_Test_000234-A,A,4,6,1,2,0,
ann1,4,1,soda_Test_000234-A,A,5,6,1,2,0,
ann1,4,1,soda_Test_000234-A,A,6,6,1,1,0,
ann1,4,2,soda_Test_000234-D,D,1,6,1,2,0,
ann1,4,2,soda_Test_000234-D,D,2,6,1,2,0,
ann1,4,2,soda_Test_000234-D,D,3,6,1,5,0,
ann1,4,2,soda_Test_000234-D,D,4,6,1,3,0,
ann1,4,2,soda_Test_000234-D,D,5,6,1,5,0,
ann1,4,2,soda_Test_000234-D,D,6,6,1,1,0,
ann1,4,3,soda_Test_000234-F,F,1,6,1,5,0,
ann1,4,3,soda_Test_000234-F,F,2,6,1,2,0,
ann1,4,3,soda_Test_000234-F,F,3,6,1,4,0,
ann1,4,3,soda_Test_000234-F,F,4,6,1,3,0,
ann1,4,3,soda_Test_000234-F,F,5,6,1,5,0,
ann1,4,3,soda_Test_000234-F,F,6,6,1,5,0,
ann1,4,4,soda_Test_000234-G,G,1,6,1,5,0,
ann1,4,4,soda_Test_000234-G,G,2,6,1,5,0,
ann1,4,4,soda_Test_000234-G,G,3,6,1,5,0,
ann1,4,4,soda_Test_000234-G,G,4,6,1,5,0,
ann1,4,4,soda_Test_000234-G,G,5,6,1,2,0,
ann1,4,4,soda_Test_000234-G,G,6,6,1,1,0,
ann1,4,5,soda_Test_000234-C,C,1,6,1,5,0,
ann1,4,5,soda_Test_000234-C,C,2,6,1,2,0,
ann1,4,5,soda_Test_000234-C,C,3,6,1,4,0,
ann1,4,5,soda_Test_000234-C,C,4,6,1,3,0,
ann1,4,5,soda_Test_000234-C,C,5,6,1,5,0,
ann1,4,5,soda_Test_000234-C,C,6,6,1,5,0,
ann1,4,6,soda_Test_000234-B,B,1,6,1,5,0,
ann1,4,6,soda_Test_000234-B,B,2,6,1,5,0,
ann1,4,6,soda_Test_000234-B,B,3,6,1,5,0,
ann1,4,6,soda_Test_000234-B,B,4,6,1,5,0,
ann1,4,6,soda_Test_000234-B,B,5,6,1,2,0,
ann1,4,6,soda_Test_000234-B,B,6,6,1,2,0,
ann1,4,7,soda_Test_000234-E,E,1,6,1,5,0,
ann1,4,7,soda_Test_000234-E,E,2,6,1,2,0,
ann1,4,7,soda_Test_000234-E,E,3,6,1,5,0,
ann1,4,7,soda_Test_000234-E,E,4,6,1,3,0,
ann1,4,7,soda_Test_000234-E,E,5,6,1,2,0,
ann1,4,7,soda_Test_000234-E,E,6,6,1,1,0,
ann1,5,1,synthetic_Test_000295-G,G,1,6,0,5,0,
ann1,5,1,synthetic_Test_000295-G,G,2,6,0,1,0,
ann1,5,1,synthetic_Test_000295-G,G,3,6,0,1,0,
ann1,5,1,synthetic_Test_000295-G,G,4,6,0,1,0,
ann1,5,1,synthetic_Test_000295-G,G,5,6,0,3,0,
ann1,5,1,synthetic_Test_000295-G,G,6,6,0,5,0,
ann1,5,2,synthetic_Test_000295-F,F,1,6,0,5,0,
ann1,5,2,synthetic_Test_000295-F,F,2,6,0,1,0,
ann1,5,2,synthetic_Test_000295-F,F,3,6,0,1,0,
ann1,5,2,synthetic_Test_000295-F,F,4,6,0,2,0,
ann1,5,2,synthetic_Test_000295-F,F,5,6,0,3,0,
ann1,5,2,synthetic_Test_000295-F,F,6,6,0,5,0,
ann1,5,3,synthetic_Test_000295-E,E,1,6,0,2,0,
ann1,5,3,synthetic_Test_000295-E,E,2,6,0,5,0,
ann1,5,3,synthetic_Test_000295-E,E,3,6,0,1,0,
ann1,5,3,synthetic_Test_000295-E,E,4,6,0,5,0,
ann1,5,3,synthetic_Test_000295-E,E,5,6,0,5,0,
ann1,5,3,synthetic_Test_000295-E,E,6,6,0,5,0,
ann1,5,4,synthetic_Test_000295-C,C,1,6,0,2,0,
ann1,5,4,synthetic_Test_000295-C,C,2,6,0,5,0,
ann1,5,4,synthetic_Test_000295-C,C,3,6,0,3,0,
ann1,5,4,synthetic_Test_000295-C,C,4,6,0,5,0,
ann1,5,4,synthetic_Test_000295-C,C,5,6,0,3,0,
ann1,5,4,synthetic_Test_000295-C,C,6,6,0,5,0,
ann1,5,5,synthetic_Test_000295-A,A,1,6,0,2,0,
ann1,5,5,synthetic_Test_000295-A,A,2,6,0,5,0,
ann1,5,5,synthetic_Test_000295-A,A,3,6,0,3,0,
ann1,5,5,synthetic_Test_000295-A,A,4,6,0,5,0,
ann1,5,5,synthetic_Test_000295-A,A,5,6,0,3,0,
ann1,5,5,synthetic_Test_000295-A,A,6,6,0,5,0,
ann1,5,6,synthetic_Test_000295-B,B,1,6,0,1,0,
ann1,5,6,synthetic_Test_000295-B,B,2,6,0,1,0,
ann1,5,6,synthetic_Test_000295-B,B,3,6,0,2,0,
ann1,5,6,synthetic_Test_000295-B,B,4,6,0,1,0,
ann1,5,6,synthetic_Test_000295-B,B,5,6,0,5,0,
ann1,5,6,synthetic_Test_000295-B,B,6,6,0,4,0,
ann1,5,7,synthetic_Test_000295-D,D,1,6,0,2,0,
ann1,5,7,synthetic_Test_000295-D,D,2,6,0,5,0,
ann1,5,7,synthetic_Test_000295-D,D,3,6,0,1,0,
ann1,5,7,synthetic_Test_000295-D,D,4,6,0,5,0,
ann1,5,7,synthetic_Test_000295-D,D,5,6,0,5,0,
ann1,5,7,synthetic_Test_000295-D,D,6,6,0,5,0,
ann1,6,1,perl_Test_000061-B,B,1,2,1,5,0,
ann1,6,1,perl_Test_000061-B,B,2,2,1,3,0,
ann1,6,2,perl_Test_000061-C,C,1,2,1,5,0,
ann1,6,2,perl_Test_000061-C,C,2,2,1,5,0,
ann1,6,3,perl_Test_000061-D,D,1,2,1,5,0,
ann1,6,3,perl_Test_000061-D,D,2,2,1,1,0,
ann1,6,4,perl_Test_000061-E,E,1,2,1,5,0,
ann1,6,4,perl_Test_000061-E,E,2,2,1,5,0,
ann1,6,5,perl_Test_000061-A,A,1,2,1,5,0,
ann1,6,5,perl_Test_000061-A,A,2,2,1,5,0,
ann1,6,6,perl_Test_000061-G,G,1,2,1,5,0,
ann1,6,6,perl_Test_000061-G,G,2,2,1,1,0,
ann1,6,7,perl_Test_000061-F,F,1,2,1,5,0,
ann1,6,7,perl_Test_000061-F,F,2,2,1,5,0,
ann1,7,1,perl_Test_000006-F,F,1,3,0,2,0,
ann1,7,1,perl_Test_000006-F,F,2,3,0,5,0,
ann1,7,1,perl_Test_000006-F,F,3,3,0,5,0,
ann1,7,2,perl_Test_000006-B,B,1,3,0,2,0,
ann1,7,2,perl_Test_000006-B,B,2,3,0,5,0,
ann1,7,2,perl_Test_000006-B,B,3,3,0,5,0,
ann1,7,3,perl_Test_000006-G,G,1,3,0,2,0,
ann1,7,3,perl_Test_000006-G,G,2,3,0,5,0,
ann1,7,3,perl_Test_000006-G,G,3,3,0,5,0,
ann1,7,4,perl_Test_000006-A,A,1,3,0,1,0,
ann1,7,4,perl_Test_000006-A,A,2,3,0,5,0,
ann1,7,4,perl_Test_000006-A,A,3,3,0,5,0,
ann1,7,5,perl_Test_000006-C,C,1,3,0,2,0,
ann1,7,5,perl_Test_000006-C,C,2,3,0,5,0,
ann1,7,5,perl_Test_000006-C,C,3,3,0,5,0,
ann1,7,6,perl_Test_000006-D,D,1,3,0,1,0,
ann1,7,6,perl_Test_000006-D,D,2,3,0,5,0,
ann1,7,6,perl_Test_000006-D,D,3,3,0,5,0,
ann1,7,7,perl_Test_000006-E,E,1,3,0,1,0,
ann1,7,7,perl_Test_000006-E,E,2,3,0,1,0,
ann1,7,7,perl_Test_000006-E,E,3,3,0,5,0,
ann1,8,1,synthetic_Test_000069-A,A,1,4,0,5,0,
ann1,8,1,synthetic_Test_000069-A,A,2,4,0,1,0,
ann1,8,1,synthetic_Test_000069-A,A,3,4,0,1,0,
ann1,8,1,synthetic_Test_000069-A,A,4,4,0,5,0,
ann1,8,2,synthetic_Test_000069-G,G,1,4,0,1,0,
ann1,8,2,synthetic_Test_000069-G,G,2,4,0,1,0,
ann1,8,2,synthetic_Test_000069-G,G,3,4,0,5,0,
ann1,8,2,synthetic_Test_000069-G,G,4,4,0,1,0,
ann1,8,3,synthetic_Test_000069-D,D,1,4,0,1,0,
ann1,8,3,synthetic_Test_000069-D,D,2,4,0,1,0,
ann1,8,3,synthetic_Test_000069-D,D,3,4,0,4,0,
ann1,8,3,synthetic_Test_000069-D,D,4,4,0,5,0,
ann1,8,4,synthetic_Test_000069-B,B,1,4,0,1,0,
ann1,8,4,synthetic_Test_000069-B,B,2,4,0,1,0,
ann1,8,4,synthetic_Test_000069-B,B,3,4,0,4,0,
ann1,8,4,synthetic_Test_000069-B,B,4,4,0,4,0,
ann1,8,5,synthetic_Test_000069-F,F,1,4,0,1,0,
ann1,8,5,synthetic_Test_000069-F,F,2,4,0,1,0,
ann1,8,5,synthetic_Test_000069-F,F,3,4,0,5,0,
ann1,8,5,synthetic_Test_000069-F,F,4,4,0,1,0,
ann1,8,6,synthetic_Test_000069-C,C,1,4,0,5,0,
ann1,8,6,synthetic_Test_000069-C,C,2,4,0,1,0,
ann1,8,6,synthetic_Test_000069-C,C,3,4,0,1,0,
ann1,8,6,synthetic_Test_000069-C,C,4,4,0,5,0,
ann1,8,7,synthetic_Test_000069-E,E,1,4,0,5,0,
ann1,8,7,synthetic_Test_000069-E,E,2,4,0,2,0,
ann1,8,7,synthetic_Test_000069-E,E,3,4,0,2,0,
ann1,8,7,synthetic_Test_000069-E,E,4,4,0,5,0,
ann1,9,1,synthetic_Test_000300-E,E,1,2,1,4,0,
ann1,9,1,synthetic_Test_000300-E,E,2,2,1,4,0,
ann1,9,2,synthetic_Test_000300-D,D,1,2,1,3,0,
ann1,9,2,synthetic_Test_000300-D,D,2,2,1,3,0,
ann1,9,3,synthetic_Test_000300-A,A,1,2,1,5,0,
ann1,9,3,synthetic_Test_000300-A,A,2,2,1,4,0,
ann1,9,4,synthetic_Test_000300-B,B,1,2,1,3,0,
ann1,9,4,synthetic_Test_000300-B,B,2,2,1,3,0,
ann1,9,5,synthetic_Test_000300-G,G,1,2,1,3,0,
ann1,9,5,synthetic_Test_000300-G,G,2,2,1,3,0,
ann1,9,6,synthetic_Test_000300-F,F,1,2,1,3,0,
ann1,9,6,synthetic_Test_000300-F,F,2,2,1,3,0,
ann1,9,7,synthetic_Test_000300-C,C,1,2,1,5,0,
ann1,9,7,synthetic_Test_000300-C,C,2,2,1,3,0,
ann1,10,1,perl_Test_000178-A,A,1,2,0,5,0,
ann1,10,1,perl_Test_000178-A,A,2,2,0,4,0,
ann1,10,2,perl_Test_000178-E,E,1,2,0,1,0,
ann1,10,2,perl_Test_000178-E,E,2,2,0,1,0,
ann1,10,3,perl_Test_000178-C,C,1,2,0,3,0,
ann1,10,3,perl_Test_000178-C,C,2,2,0,1,0,
ann1,10,4,perl_Test_000178-G,G,1,2,0,5,0,
ann1,10,4,perl_Test_000178-G,G,2,2,0,3,0,
ann1,10,5,perl_Test_000178-D,D,1,2,0,3,0,
ann1,10,5,perl_Test_000178-D,D,2,2,0,1,0,
ann1,10,6,perl_Test_000178-F,F,1,2,0,5,0,
ann1,10,6,perl_Test_000178-F,F,2,2,0,3,0,
ann1,10,7,perl_Test_000178-B,B,1,2,0,1,0,
ann1,10,7,perl_Test_000178-B,B,2,2,0,1,0,
ann1,11,1,synthetic_Test_000221-G,G,1,5,1,5,0,
ann1,11,1,synthetic_Test_000221-G,G,2,5,1,1,0,
ann1,11,1,synthetic_Test_000221-G,G,3,5,1,5,0,
ann1,11,1,synthetic_Test_000221-G,G,4,5,1,1,0,
ann1,11,1,synthetic_Test_000221-G,G,5,5,1,3,0,
ann1,11,2,synthetic_Test_000221-C,C,1,5,1,5,0,
ann1,11,2,synthetic_Test_000221-C,C,2,5,1,1,0,
ann1,11,2,synthetic_Test_000221-C,C,3,5,1,5,0,
ann1,11,2,synthetic_Test_000221-C,C,4,5,1,1,0,
ann1,11,2,synthetic_Test_000221-C,C,5,5,1,3,0,
ann1,11,3,synthetic_Test_000221-A,A,1,5,1,2,0,
ann1,11,3,synthetic_Test_000221-A,A,2,5,1,2,0,
ann1,11,3,synthetic_Test_000221-A,A,3,5,1,5,0,
ann1,11,3,synthetic_Test_000221-A,A,4,5,1,5,0,
ann1,11,3,synthetic_Test_000221-A,A,5,5,1,5,0,
ann1,11,4,synthetic_Test_000221-E,E,1,5,1,5,0,
ann1,11,4,synthetic_Test_000221-E,E,2,5,1,5,0,
ann1,11,4,synthetic_Test_000221-E,E,3,5,1,1,0,
ann1,11,4,synthetic_Test_000221-E,E,4,5,1,5,0,
ann1,11,4,synthetic_Test_000221-E,E,5,5,1,5,0,
ann1,11,5,synthetic_Test_000221-D,D,1,5,1,4,0,
ann1,11,5,synthetic_Test_000221-D,D,2,5,1,1,0,
ann1,11,5,synthetic_Test_000221-D,D,3,5,1,1,0,
ann1,11,5,synthetic_Test_000221-D,D,4,5,1,5,0,
ann1,11,5,synthetic_Test_000221-D,D,5,5,1,5,0,
ann1,11,6,synthetic_Test_000221-F,F,1,5,1,5,0,
ann1,11,6,synthetic_Test_000221-F,F,2,5,1,2,0,
ann1,11,6,synthetic_Test_000221-F,F,3,5,1,5,0,
ann1,11,6,synthetic_Test_000221-F,F,4,5,1,5,0,
ann1,11,6,synthetic_Test_000221-F,F,5,5,1,5,0,
ann1,11,7,synthetic_Test_000221-B,B,1,5,1,5,0,
ann1,11,7,synthetic_Test_000221-B,B,2,5,1,5,0,
ann1,11,7,synthetic_Test_000221-B,B,3,5,1,1,0,
ann1,11,7,synthetic_Test_000221-B,B,4,5,1,5,0,
ann1,11,7,synthetic_Test_000221-B,B,5,5,1,5,0,
ann1,12,1,synthetic_Test_000007-F,F,1,3,1,5,0,
ann1,12,1,synthetic_Test_000007-F,F,2,3,1,5,0,
ann1,12,1,synthetic_Test_000007-F,F,3,3,1,5,0,
ann1,12,2,synthetic_Test_000007-B,B,1,3,1,5,0,
ann1,12,2,synthetic_Test_000007-B,B,2,3,1,5,0,
ann1,12,2,synthetic_Test_000007-B,B,3,3,1,5,0,
ann1,12,3,synthetic_Test_000007-D,D,1,3,1,4,0,
ann1,12,3,synthetic_Test_000007-D,D,2,3,1,4,0,
ann1,12,3,synthetic_Test_000007-D,D,3,3,1,5,0,
ann1,12,4,synthetic_Test_000007-C,C,1,3,1,5,0,
ann1,12,4,synthetic_Test_000007-C,C,2,3,1,5,0,
ann1,12,4,synthetic_Test_000007-C,C,3,3,1,5,0,
ann1,12,5,synthetic_Test_000007-A,A,1,3,1,4,0,
ann1,12,5,synthetic_Test_000007-A,A,2,3,1,4,0,
ann1,12,5,synthetic_Test_000007-A,A,3,3,1,5,0,
ann1,12,6,synthetic_Test_000007-E,E,1,3,1,4,0,
ann1,12,6,synthetic_Test_000007-E,E,2,3,1,4,0,
ann1,12,6,synthetic_Test_000007-E,E,3,3,1,5,0,
ann1,12,7,synthetic_Test_000007-G,G,1,3,1,5,0,
ann1,12,7,synthetic_Test_000007-G,G,2,3,1,5,0,
ann1,12,7,synthetic_Test_000007-G,G,3,3,1,5,0,
ann1,13,1,perl_Test_000129-G,G,1,4,0,5,0,
ann1,13,1,perl_Test_000129-G,G,2,4,0,5,0,
ann1,13,1,perl_Test_000129-G,G,3,4,0,3,1,
ann1,13,1,perl_Test_000129-G,G,4,4,0,5,0,
ann1,13,2,perl_Test_000129-D,D,1,4,0,5,0,
ann1,13,2,perl_Test_000129-D,D,2,4,0,3,0,
ann1,13,2,perl_Test_000129-D,D,3,4,0,1,1,
ann1,13,2,perl_Test_000129-D,D,4,4,0,5,0,
ann1,13,3,perl_Test_000129-B,B,1,4,0,5,0,
ann1,13,3,perl_Test_000129-B,B,2,4,0,4,0,
ann1,13,3,perl_Test_000129-B,B,3,4,0,4,0,
ann1,13,3,perl_Test_000129-B,B,4,4,0,5,0,
ann1,13,4,perl_Test_000129-F,F,1,4,0,5,0,
ann1,13,4,perl_Test_000129-F,F,2,4,0,3,0,
ann1,13,4,perl_Test_000129-F,F,3,4,0,4,0,
ann1,13,4,perl_Test_000129-F,F,4,4,0,5,0,
ann1,13,5,perl_Test_000129-A,A,1,4,0,5,0,
ann1,13,5,perl_Test_000129-A,A,2,4,0,5,0,
ann1,13,5,perl_Test_000129-A,A,3,4,0,3,1,
ann1,13,5,perl_Test_000129-A,A,4,4,0,5,0,
ann1,13,6,perl_Test_000129-C,C,1,4,0,5,0,
ann1,13,6,perl_Test_000129-C,C,2,4,0,3,0,
ann1,13,6,perl_Test_000129-C,C,3,4,0,1,0,
ann1,13,6,perl_Test_000129-C,C,4,4,0,5,0,
ann1,13,7,perl_Test_000129-E,E,1,4,0,1,0,
ann1,13,7,perl_Test_000129-E,E,2,4,0,5,0,
ann1,13,7,perl_Test_000129-E,E,3,4,0,1,1,
ann1,13,7,perl_Test_000129-E,E,4,4,0,5,0,
ann1,14,1,synthetic_Test_000297-F,F,1,3,0,5,0,
ann1,14,1,synthetic_Test_000297-F,F,2,3,0,5,0,
ann1,14,1,synthetic_Test_000297-F,F,3,3,0,5,0,
ann1,14,2,synthetic_Test_000297-G,G,1,3,0,5,0,
ann1,14,2,synthetic_Test_000297-G,G,2,3,0,5,0,
ann1,14,2,synthetic_Test_000297-G,G,3,3,0,5,0,
ann1,14,3,synthetic_Test_000297-E,E,1,3,0,5,0,
ann1,14,3,synthetic_Test_000297-E,E,2,3,0,5,0,
ann1,14,3,synthetic_Test_000297-E,E,3,3,0,5,0,
ann1,14,4,synthetic_Test_000297-C,C,1,3,0,5,0,
ann1,14,4,synthetic_Test_000297-C,C,2,3,0,5,0,
ann1,14,4,synthetic_Test_000297-C,C,3,3,0,5,0,
ann1,14,5,synthetic_Test_000297-D,D,1,3,0,5,0,
ann1,14,5,synthetic_Test_000297-D,D,2,3,0,5,0,
ann1,14,5,synthetic_Test_000297-D,D,3,3,0,5,0,
ann1,14,6,synthetic_Test_000297-B,B,1,3,0,1,0,
ann1,14,6,synthetic_Test_000297-B,B,2,3,0,1,0,
ann1,14,6,synthetic_Test_000297-B,B,3,3,0,5,0,
ann1,14,7,synthetic_Test_000297-A,A,1,3,0,5,0,
ann1,14,7,synthetic_Test_000297-A,A,2,3,0,5,0,
ann1,14,7,synthetic_Test_000297-A,A,3,3,0,5,0,
ann1,15,1,perl_Test_000186-G,G,1,6,1,5,0,
ann1,15,1,perl_Test_000186-G,G,2,6,1,5,0,
ann1,15,1,perl_Test_000186-G,G,3,6,1,1,0,
ann1,15,1,perl_Test_000186-G,G,4,6,1,1,0,
ann1,15,1,perl_Test_000186-G,G,5,6,1,1,0,
ann1,15,1,perl_Test_000186-G,G,6,6,1,5,0,
ann1,15,2,perl_Test_000186-D,D,1,6,1,5,0,
ann1,15,2,perl_Test_000186-D,D,2,6,1,5,0,
ann1,15,2,perl_Test_000186-D,D,3,6,1,5,0,
ann1,15,2,perl_Test_000186-D,D,4,6,1,5,0,
ann1,15,2,perl_Test_000186-D,D,5,6,1,1,0,
ann1,15,2,perl_Test_000186-D,D,6,6,1,1,0,
ann1,15,3,perl_Test_000186-B,B,1,6,1,5,0,
ann1,15,3,perl_Test_000186-B,B,2,6,1,5,0,
ann1,15,3,perl_Test_000186-B,B,3,6,1,1,0,
ann1,15,3,perl_Test_000186-B,B,4,6,1,1,0,
ann1,15,3,perl_Test_000186-B,B,5,6,1,2,0,
ann1,15,3,perl_Test_000186-B,B,6,6,1,1,0,
ann1,15,4,perl_Test_000186-E,E,1,6,1,5,0,
ann1,15,4,perl_Test_000186-E,E,2,6,1,5,0,
ann1,15,4,perl_Test_000186-E,E,3,6,1,1,0,
ann1,15,4,perl_Test_000186-E,E,4,6,1,1,0,
ann1,15,4,perl_Test_000186-E,E,5,6,1,1,0,
ann1,15,4,perl_Test_000186-E,E,6,6,1,5,0,
ann1,15,5,perl_Test_000186-A,A,1,6,1,1,0,
ann1,15,5,perl_Test_000186-A,A,2,6,1,5,0,
ann1,15,5,perl_Test_000186-A,A,3,6,1,5,0,
ann1,15,5,perl_Test_000186-A,A,4,6,1,5,0,
ann1,15,5,perl_Test_000186-A,A,5,6,1,1,0,
ann1,15,5,perl_Test_000186-A,A,6,6,1,1,0,
ann1,15,6,perl_Test_000186-F,F,1,6,1,5,0,
ann1,15,6,perl_Test_000186-F,F,2,6,1,5,0,
ann1,15,6,perl_Test_000186-F,F,3,6,1,5,0,
ann1,15,6,perl_Test_000186-F,F,4,6,1,5,0,
ann1,15,6,perl_Test_000186-F,F,5,6,1,1,0,
ann1,15,6,perl_Test_000186-F,F,6,6,1,1,0,
ann1,15,7,perl_Test_000186-C,C,1,6,1,5,0,
ann1,15,7,perl_Test_000186-C,C,2,6,1,5,0,
ann1,15,7,perl_Test_000186-C,C,3,6,1,1,0,
ann1,15,7,perl_Test_000186-C,C,4,6,1,1,0,
ann1,15,7,perl_Test_000186-C,C,5,6,1,1,0,
ann1,15,7,perl_Test_000186-C,C,6,6,1,5,0,
ann1,16,1,perl_Test_000170-B,B,1,3,0,5,0,
ann1,16,1,perl_Test_000170-B,B,2,3,0,1,0,
ann1,16,1,perl_Test_000170-B,B,3,3,0,3,0,
ann1,16,2,perl_Test_000170-D,D,1,3,0,5,0,
ann1,16,2,perl_Test_000170-D,D,2,3,0,1,0,
ann1,16,2,perl_Test_000170-D,D,3,3,0,3,0,
ann1,16,3,perl_Test_000170-F,F,1,3,0,4,0,
ann1,16,3,perl_Test_000170-F,F,2,3,0,1,0,
ann1,16,3,perl_Test_000170-F,F,3,3,0,2,0,
ann1,16,4,perl_Test_000170-G,G,1,3,0,5,0,
ann1,16,4,perl_Test_000170-G,G,2,3,0,3,0,
ann1,16,4,perl_Test_000170-G,G,3,3,0,2,0,
ann1,16,5,perl_Test_000170-A,A,1,3,0,4,0,
ann1,16,5,perl_Test_000170-A,A,2,3,0,2,0,
ann1,16,5,perl_Test_000170-A,A,3,3,0,5,0,
ann1,16,6,perl_Test_000170-C,C,1,3,0,4,0,
ann1,16,6,perl_Test_000170-C,C,2,3,0,2,0,
ann1,16,6,perl_Test_000170-C,C,3,3,0,5,0,
ann1,16,7,perl_Test_000170-E,E,1,3,0,5,0,
ann1,16,7,perl_Test_000170-E,E,2,3,0,3,0,
ann1,16,7,perl_Test_000170-E,E,3,3,0,2,0,
ann1,17,1,soda_Test_000100-D,D,1,6,1,5,0,
ann1,17,1,soda_Test_000100-D,D,2,6,1,5,0,
ann1,17,1,soda_Test_000100-D,D,3,6,1,5,0,
ann1,17,1,soda_Test_000100-D,D,4,6,1,3,0,
ann1,17,1,soda_Test_000100-D,D,5,6,1,5,0,
ann1,17,1,soda_Test_000100-D,D,6,6,1,5,0,
ann1,17,2,soda_Test_000100-E,E,1,6,1,4,0,
ann1,17,2,soda_Test_000100-E,E,2,6,1,1,0,
ann1,17,2,soda_Test_000100-E,E,3,6,1,3,0,
ann1,17,2,soda_Test_000100-E,E,4,6,1,4,0,
ann1,17,2,soda_Test_000100-E,E,5,6,1,5,0,
ann1,17,2,soda_Test_000100-E,E,6,6,1,5,0,
ann1,17,3,soda_Test_000100-F,F,1,6,1,4,0,
ann1,17,3,soda_Test_000100-F,F,2,6,1,5,0,
ann1,17,3,soda_Test_000100-F,F,3,6,1,3,0,
ann1,17,3,soda_Test_000100-F,F,4,6,1,1,0,
ann1,17,3,soda_Test_000100-F,F,5,6,1,5,0,
ann1,17,3,soda_Test_000100-F,F,6,6,1,5,0,
ann1,17,4,soda_Test_000100-C,C,1,6,1,5,0,
ann1,17,4,soda_Test_000100-C,C,2,6,1,5,0,
ann1,17,4,soda_Test_000100-C,C,3,6,1,4,0,
ann1,17,4,soda_Test_000100-C,C,4,6,1,1,0,
ann1,17,4,soda_Test_000100-C,C,5,6,1,4,0,
ann1,17,4,soda_Test_000100-C,C,6,6,1,3,0,
ann1,17,5,soda_Test_000100-B,B,1,6,1,3,0,
ann1,17,5,soda_Test_000100-B,B,2,6,1,5,0,
ann1,17,5,soda_Test_000100-B,B,3,6,1,3,0,
ann1,17,5,soda_Test_000100-B,B,4,6,1,1,0,
ann1,17,5,soda_Test_000100-B,B,5,6,1,5,0,
ann1,17,5,soda_Test_000100-B,B,6,6,1,5,0,
ann1,17,6,soda_Test_000100-A,A,1,6,1,4,0,
ann1,17,6,soda_Test_000100-A,A,2,6,1,1,0,
ann1,17,6,soda_Test_000100-A,A,3,6,1,3,0,
ann1,17,6,soda_Test_000100-A,A,4,6,1,4,0,
ann1,17,6,soda_Test_000100-A,A,5,6,1,4,0,
ann1,17,6,soda_Test_000100-A,A,6,6,1,1,0,
ann1,17,7,soda_Test_000100-G,G,1,6,1,4,0,
ann1,17,7,soda_Test_000100-G,G,2,6,1,5,0,
ann1,17,7,soda_Test_000100-G,G,3,6,1,3,0,
ann1,17,7,soda_Test_000100-G,G,4,6,1,3,0,
ann1,17,7,soda_Test_000100-G,G,5,6,1,1,0,
ann1,17,7,soda_Test_000100-G,G,6,6,1,1,0,
ann1,18,1,synthetic_Test_000149-G,G,1,7,0,5,0,
ann1,18,1,synthetic_Test_000149-G,G,2,7,0,5,0,
ann1,18,1,synthetic_Test_000149-G,G,3,7,0,4,0,
ann1,18,1,synthetic_Test_000149-G,G,4,7,0,2,0,
ann1,18,1,synthetic_Test_000149-G,G,5,7,0,5,0,
ann1,18,1,synthetic_Test_000149-G,G,6,7,0,5,0,
ann1,18,1,synthetic_Test_000149-G,G,7,7,0,5,0,
ann1,18,2,synthetic_Test_000149-F,F,1,7,0,4,0,
ann1,18,2,synthetic_Test_000149-F,F,2,7,0,5,0,
ann1,18,2,synthetic_Test_000149-F,F,3,7,0,4,0,
ann1,18,2,synthetic_Test_000149-F,F,4,7,0,4,0,
ann1,18,2,synthetic_Test_000149-F,F,5,7,0,5,0,
ann1,18,2,synthetic_Test_000149-F,F,6,7,0,5,0,
ann1,18,2,synthetic_Test_000149-F,F,7,7,0,1,0,
ann1,18,3,synthetic_Test_000149-C,C,1,7,0,5,0,
ann1,18,3,synthetic_Test_000149-C,C,2,7,0,5,0,
ann1,18,3,synthetic_Test_000149-C,C,3,7,0,5,0,
ann1,18,3,synthetic_Test_000149-C,C,4,7,0,2,0,
ann1,18,3,synthetic_Test_000149-C,C,5,7,0,2,0,
ann1,18,3,synthetic_Test_000149-C,C,6,7,0,1,0,
ann1,18,3,synthetic_Test_000149-C,C,7,7,0,5,0,
ann1,18,4,synthetic_Test_000149-E,E,1,7,0,5,0,
ann1,18,4,synthetic_Test_000149-E,E,2,7,0,5,0,
ann1,18,4,synthetic_Test_000149-E,E,3,7,0,5,0,
ann1,18,4,synthetic_Test_000149-E,E,4,7,0,2,0,
ann1,18,4,synthetic_Test_000149-E,E,5,7,0,5,0,
ann1,18,4,synthetic_Test_000149-E,E,6,7,0,5,0,
ann1,18,4,synthetic_Test_000149-E,E,7,7,0,5,0,
ann1,18,5,synthetic_Test_000149-D,D,1,7,0,5,0,
ann1,18,5,synthetic_Test_000149-D,D,2,7,0,5,0,
ann1,18,5,synthetic_Test_000149-D,D,3,7,0,4,0,
ann1,18,5,synthetic_Test_000149-D,D,4,7,0,2,0,
ann1,18,5,synthetic_Test_000149-D,D,5,7,0,2,0,
ann1,18,5,synthetic_Test_000149-D,D,6,7,0,1,0,
ann1,18,5,synthetic_Test_000149-D,D,7,7,0,5,0,
ann1,18,6,synthetic_Test_000149-A,A,1,7,0,5,0,
ann1,18,6,synthetic_Test_000149-A,A,2,7,0,3,0,
ann1,18,6,synthetic_Test_000149-A,A,3,7,0,3,0,
ann1,18,6,synthetic_Test_000149-A,A,4,7,0,4,0,
ann1,18,6,synthetic_Test_000149-A,A,5,7,0,5,0,
ann1,18,6,synthetic_Test_000149-A,A,6,7,0,2,0,
ann1,18,6,synthetic_Test_000149-A,A,7,7,0,5,0,
ann1,18,7,synthetic_Test_000149-B,B,1,7,0,4,0,
ann1,18,7,synthetic_Test_000149-B,B,2,7,0,5,0,
ann1,18,7,synthetic_Test_000149-B,B,3,7,0,4,0,
ann1,18,7,synthetic_Test_000149-B,B,4,7,0,4,0,
ann1,18,7,synthetic_Test_000149-B,B,5,7,0,5,0,
ann1,18,7,synthetic_Test_000149-B,B,6,7,0,5,0,
ann1,18,7,synthetic_Test_000149-B,B,7,7,0,1,0,
ann1,19,1,soda_Test_000064-F,F,1,4,1,5,0,
ann1,19,1,soda_Test_000064-F,F,2,4,1,5,0,
ann1,19,1,soda_Test_000064-F,F,3,4,1,5,0,
ann1,19,1,soda_Test_000064-F,F,4,4,1,5,0,
ann1,19,2,soda_Test_000064-E,E,1,4,1,5,0,
ann1,19,2,soda_Test_000064-E,E,2,4,1,5,0,
ann1,19,2,soda_Test_000064-E,E,3,4,1,5,0,
ann1,19,2,soda_Test_000064-E,E,4,4,1,5,0,
ann1,19,3,soda_Test_000064-D,D,1,4,1,5,0,
ann1,19,3,soda_Test_000064-D,D,2,4,1,5,0,
ann1,19,3,soda_Test_000064-D,D,3,4,1,5,0,
ann1,19,3,soda_Test_000064-D,D,4,4,1,5,0,
ann1,19,4,soda_Test_000064-A,A,1,4,1,5,0,
ann1,19,4,soda_Test_000064-A,A,2,4,1,5,0,
ann1,19,4,soda_Test_000064-A,A,3,4,1,5,0,
ann1,19,4,soda_Test_000064-A,A,4,4,1,5,0,
ann1,19,5,soda_Test_000064-G,G,1,4,1,5,0,
ann1,19,5,soda_Test_000064-G,G,2,4,1,5,0,
ann1,19,5,soda_Test_000064-G,G,3,4,1,5,0,
ann1,19,5,soda_Test_000064-G,G,4,4,1,5,0,
ann1,19,6,soda_Test_000064-C,C,1,4,1,5,0,
ann1,19,6,soda_Test_000064-C,C,2,4,1,5,0,
ann1,19,6,soda_Test_000064-C,C,3,4,1,5,0,
ann1,19,6,soda_Test_000064-C,C,4,4,1,5,0,
ann1,19,7,soda_Test_000064-B,B,1,4,1,3,0,
ann1,19,7,soda_Test_000064-B,B,2,4,1,5,0,
ann1,19,7,soda_Test_000064-B,B,3,4,1,5,0,
ann1,19,7,soda_Test_000064-B,B,4,4,1,5,0,
ann1,20,1,soda_Test_000226-C,C,1,6,0,3,0,
ann1,20,1,soda_Test_000226-C,C,2,6,0,5,0,
ann1,20,1,soda_Test_000226-C,C,3,6,0,5,0,
ann1,20,1,soda_Test_000226-C,C,4,6,0,5,0,
ann1,20,1,soda_Test_000226-C,C,5,6,0,5,0,
ann1,20,1,soda_Test_000226-C,C,6,6,0,5,0,
ann1,20,2,soda_Test_000226-B,B,1,6,0,1,0,
ann1,20,2,soda_Test_000226-B,B,2,6,0,1,0,
ann1,20,2,soda_Test_000226-B,B,3,6,0,5,0,
ann1,20,2,soda_Test_000226-B,B,4,6,0,5,0,
ann1,20,2,soda_Test_000226-B,B,5,6,0,5,0,
ann1,20,2,soda_Test_000226-B,B,6,6,0,5,0,
ann1,20,3,soda_Test_000226-F,F,1,6,0,3,0,
ann1,20,3,soda_Test_000226-F,F,2,6,0,5,0,
ann1,20,3,soda_Test_000226-F,F,3,6,0,5,0,
ann1,20,3,soda_Test_000226-F,F,4,6,0,5,0,
ann1,20,3,soda_Test_000226-F,F,5,6,0,5,0,
ann1,20,3,soda_Test_000226-F,F,6,6,0,5,0,
ann1,20,4,soda_Test_000226-E,E,1,6,0,3,0,
ann1,20,4,soda_Test_000226-E,E,2,6,0,1,0,
ann1,20,4,soda_Test_000226-E,E,3,6,0,4,0,
ann1,20,4,soda_Test_000226-E,E,4,6,0,1,0,
ann1,20,4,soda_Test_000226-E,E,5,6,0,5,0,
ann1,20,4,soda_Test_000226-E,E,6,6,0,5,0,
ann1,20,5,soda_Test_000226-A,A,1,6,0,3,0,
ann1,20,5,soda_Test_000226-A,A,2,6,0,5,0,
ann1,20,5,soda_Test_000226-A,A,3,6,0,5,0,
ann1,20,5,soda_Test_000226-A,A,4,6,0,5,0,
ann1,20,5,soda_Test_000226-A,A,5,6,0,5,0,
ann1,20,5,soda_Test_000226-A,A,6,6,0,5,0,
ann1,20,6,soda_Test_000226-D,D,1,6,0,3,0,
ann1,20,6,soda_Test_000226-D,D,2,6,0,1,0,
ann1,20,6,soda_Test_000226-D,D,3,6,0,5,0,
ann1,20,6,soda_Test_000226-D,D,4,6,0,5,0,
ann1,20,6,soda_Test_000226-D,D,5,6,0,5,0,
ann1,20,6,soda_Test_000226-D,D,6,6,0,5,0,
ann1,20,7,soda_Test_000226-G,G,1,6,0,3,0,
ann1,20,7,soda_Test_000226-G,G,2,6,0,5,0,
ann1,20,7,soda_Test_000226-G,G,3,6,0,5,0,
ann1,20,7,soda_Test_000226-G,G,4,6,0,5,0,
ann1,20,7,soda_Test_000226-G,G,5,6,0,5,0,
ann1,20,7,soda_Test_000226-G,G,6,6,0,5,0,
ann1,21,1,synthetic_Test_000247-A,A,1,3,1,1,0,
ann1,21,1,synthetic_Test_000247-A,A,2,3,1,4,0,
ann1,21,1,synthetic_Test_000247-A,A,3,3,1,5,0,
ann1,21,2,synthetic_Test_000247-F,F,1,3,1,1,0,
ann1,21,2,synthetic_Test_000247-F,F,2,3,1,4,0,
ann1,21,2,synthetic_Test_000247-F,F,3,3,1,4,0,
ann1,21,3,synthetic_Test_000247-C,C,1,3,1,1,0,
ann1,21,3,synthetic_Test_000247-C,C,2,3,1,1,0,
ann1,21,3,synthetic_Test_000247-C,C,3,3,1,1,0,
ann1,21,4,synthetic_Test_000247-D,D,1,3,1,1,0,
ann1,21,4,synthetic_Test_000247-D,D,2,3,1,1,0,
ann1,21,4,synthetic_Test_000247-D,D,3,3,1,5,0,
ann1,21,5,synthetic_Test_000247-G,G,1,3,1,3,0,
ann1,21,5,synthetic_Test_000247-G,G,2,3,1,4,0,
ann1,21,5,synthetic_Test_000247-G,G,3,3,1,4,0,
ann1,21,6,synthetic_Test_000247-E,E,1,3,1,1,0,
ann1,21,6,synthetic_Test_000247-E,E,2,3,1,1,0,
ann1,21,6,synthetic_Test_000247-E,E,3,3,1,1,0,
ann1,21,7,synthetic_Test_000247-B,B,1,3,1,1,0,
ann1,21,7,synthetic_Test_000247-B,B,2,3,1,4,0,
ann1,21,7,synthetic_Test_000247-B,B,3,3,1,4,0,
ann1,22,1,soda_Test_000086-A,A,1,2,0,4,0,
ann1,22,1,soda_Test_000086-A,A,2,2,0,2,0,
ann1,22,2,soda_Test_000086-D,D,1,2,0,4,0,
ann1,22,2,soda_Test_000086-D,D,2,2,0,5,0,
ann1,22,3,soda_Test_000086-F,F,1,2,0,2,0,
ann1,22,3,soda_Test_000086-F,F,2,2,0,2,0,
ann1,22,4,soda_Test_000086-G,G,1,2,0,4,0,
ann1,22,4,soda_Test_000086-G,G,2,2,0,2,0,
ann1,22,5,soda_Test_000086-C,C,1,2,0,4,0,
ann1,22,5,soda_Test_000086-C,C,2,2,0,5,0,
ann1,22,6,soda_Test_000086-B,B,1,2,0,2,0,
ann1,22,6,soda_Test_000086-B,B,2,2,0,2,0,
ann1,22,7,soda_Test_000086-E,E,1,2,0,4,0,
ann1,22,7,soda_Test_000086-E,E,2,2,0,4,0,
ann1,23,1,perl_Test_000078-G,G,1,6,0,5,0,
ann1,23,1,perl_Test_000078-G,G,2,6,0,5,0,
ann1,23,1,perl_Test_000078-G,G,3,6,0,1,0,
ann1,23,1,perl_Test_000078-G,G,4,6,0,3,0,
ann1,23,1,perl_Test_000078-G,G,5,6,0,5,0,
ann1,23,1,perl_Test_000078-G,G,6,6,0,5,0,
ann1,23,2,perl_Test_000078-E,E,1,6,0,1,0,
ann1,23,2,perl_Test_000078-E,E,2,6,0,5,0,
ann1,23,2,perl_Test_000078-E,E,3,6,0,5,0,
ann1,23,2,perl_Test_000078-E,E,4,6,0,5,0,
ann1,23,2,perl_Test_000078-E,E,5,6,0,1,0,
ann1,23,2,perl_Test_000078-E,E,6,6,0,5,0,
ann1,23,3,perl_Test_000078-F,F,1,6,0,3,0,
ann1,23,3,perl_Test_000078-F,F,2,6,0,5,0,
ann1,23,3,perl_Test_000078-F,F,3,6,0,1,0,
ann1,23,3,perl_Test_000078-F,F,4,6,0,5,0,
ann1,23,3,perl_Test_000078-F,F,5,6,0,5,0,
ann1,23,3,perl_Test_000078-F,F,6,6,0,5,0,
ann1,23,4,perl_Test_000078-B,B,1,6,0,5,0,
ann1,23,4,perl_Test_000078-B,B,2,6,0,5,0,
ann1,23,4,perl_Test_000078-B,B,3,6,0,3,0,
ann1,23,4,perl_Test_000078-B,B,4,6,0,5,0,
ann1,23,4,perl_Test_000078-B,B,5,6,0,5,0,
ann1,23,4,perl_Test_000078-B,B,6,6,0,1,0,
ann1,23,5,perl_Test_000078-D,D,1,6,0,5,0,
ann1,23,5,perl_Test_000078-D,D,2,6,0,5,0,
ann1,23,5,perl_Test_000078-D,D,3,6,0,1,0,
ann1,23,5,perl_Test_000078-D,D,4,6,0,5,0,
ann1,23,5,perl_Test_000078-D,D,5,6,0,5,0,
ann1,23,5,perl_Test_000078-D,D,6,6,0,5,0,
ann1,23,6,perl_Test_000078-A,A,1,6,0,5,0,
ann1,23,6,perl_Test_000078-A,A,2,6,0,5,0,
ann1,23,6,perl_Test_000078-A,A,3,6,0,1,0,
ann1,23,6,perl_Test_000078-A,A,4,6,0,5,0,
ann1,23,6,perl_Test_000078-A,A,5,6,0,5,0,
ann1,23,6,perl_Test_000078-A,A,6,6,0,5,0,
ann1,23,7,perl_Test_000078-C,C,1,6,0,5,0,
ann1,23,7,perl_Test_000078-C,C,2,6,0,5,0,
ann1,23,7,perl_Test_000078-C,C,3,6,0,3,0,
ann1,23,7,perl_Test_000078-C,C,4,6,0,5,0,
ann1,23,7,perl_Test_000078-C,C,5,6,0,5,0,
ann1,23,7,perl_Test_000078-C,C,6,6,0,5,0,
ann1,24,1,perl_Test_000076-B,B,1,4,0,5,0,
ann1,24,1,perl_Test_000076-B,B,2,4,0,5,0,
ann1,24,1,perl_Test_000076-B,B,3,4,0,3,0,
ann1,24,1,perl_Test_000076-B,B,4,4,0,5,0,
ann1,24,2,perl_Test_000076-D,D,1,4,0,5,0,
ann1,24,2,perl_Test_000076-D,D,2,4,0,5,0,
ann1,24,2,perl_Test_000076-D,D,3,4,0,3,0,
ann1,24,2,perl_Test_000076-D,D,4,4,0,5,0,
ann1,24,3,perl_Test_000076-F,F,1,4,0,5,0,
ann1,24,3,perl_Test_000076-F,F,2,4,0,5,0,
ann1,24,3,perl_Test_000076-F,F,3,4,0,3,0,
ann1,24,3,perl_Test_000076-F,F,4,4,0,5,0,
ann1,24,4,perl_Test_000076-G,G,1,4,0,5,0,
ann1,24,4,perl_Test_000076-G,G,2,4,0,5,0,
ann1,24,4,perl_Test_000076-G,G,3,4,0,3,0,
ann1,24,4,perl_Test_000076-G,G,4,4,0,5,0,
ann1,24,5,perl_Test_000076-A,A,1,4,0,5,0,
ann1,24,5,perl_Test_000076-A,A,2,4,0,5,0,
ann1,24,5,perl_Test_000076-A,A,3,4,0,3,0,
ann1,24,5,perl_Test_000076-A,A,4,4,0,5,0,
ann1,24,6,perl_Test_000076-C,C,1,4,0,5,0,
ann1,24,6,perl_Test_000076-C,C,2,4,0,5,0,
ann1,24,6,perl_Test_000076-C,C,3,4,0,3,0,
ann1,24,6,perl_Test_000076-C,C,4,4,0,5,0,
ann1,24,7,perl_Test_000076-E,E,1,4,0,1,0,
ann1,24,7,perl_Test_000076-E,E,2,4,0,1,0,
ann1,24,7,perl_Test_000076-E,E,3,4,0,1,0,
ann1,24,7,perl_Test_000076-E,E,4,4,0,1,0,
ann1,25,1,synthetic_Test_000089-C,C,1,4,0,1,0,
ann1,25,1,synthetic_Test_000089-C,C,2,4,0,1,0,
ann1,25,1,synthetic_Test_000089-C,C,3,4,0,2,0,
ann1,25,1,synthetic_Test_000089-C,C,4,4,0,1,0,
ann1,25,2,synthetic_Test_000089-B,B,1,4,0,5,0,
ann1,25,2,synthetic_Test_000089-B,B,2,4,0,5,0,
ann1,25,2,synthetic_Test_000089-B,B,3,4,0,5,0,
ann1,25,2,synthetic_Test_000089-B,B,4,4,0,2,0,
ann1,25,3,synthetic_Test_000089-F,F,1,4,0,3,0,
ann1,25,3,synthetic_Test_000089-F,F,2,4,0,5,0,
ann1,25,3,synthetic_Test_000089-F,F,3,4,0,5,0,
ann1,25,3,synthetic_Test_000089-F,F,4,4,0,2,0,
ann1,25,4,synthetic_Test_000089-E,E,1,4,0,5,0,
ann1,25,4,synthetic_Test_000089-E,E,2,4,0,4,0,
ann1,25,4,synthetic_Test_000089-E,E,3,4,0,5,0,
ann1,25,4,synthetic_Test_000089-E,E,4,4,0,5,0,
ann1,25,5,synthetic_Test_000089-D,D,1,4,0,3,0,
ann1,25,5,synthetic_Test_000089-D,D,2,4,0,5,0,
ann1,25,5,synthetic_Test_000089-D,D,3,4,0,5,0,
ann1,25,5,synthetic_Test_000089-D,D,4,4,0,2,0,
ann1,25,6,synthetic_Test_000089-A,A,1,4,0,5,0,
ann1,25,6,synthetic_Test_000089-A,A,2,4,0,4,0,
ann1,25,6,synthetic_Test_000089-A,A,3,4,0,5,0,
ann1,25,6,synthetic_Test_000089-A,A,4,4,0,5,0,
ann1,25,7,synthetic_Test_000089-G,G,1,4,0,5,0,
ann1,25,7,synthetic_Test_000089-G,G,2,4,0,5,0,
ann1,25,7,synthetic_Test_000089-G,G,3,4,0,5,0,
ann1,25,7,synthetic_Test_000089-G,G,4,4,0,2,0,
ann1,26,1,synthetic_Test_000065-F,F,1,3,0,5,0,
ann1,26,1,synthetic_Test_000065-F,F,2,3,0,5,0,
ann1,26,1,synthetic_Test_000065-F,F,3,3,0,1,0,
ann1,26,2,synthetic_Test_000065-B,B,1,3,0,5,0,
ann1,26,2,synthetic_Test_000065-B,B,2,3,0,3,0,
ann1,26,2,synthetic_Test_000065-B,B,3,3,0,1,0,
ann1,26,3,synthetic_Test_000065-A,A,1,3,0,5,0,
ann1,26,3,synthetic_Test_000065-A,A,2,3,0,3,0,
ann1,26,3,synthetic_Test_000065-A,A,3,3,0,1,0,
ann1,26,4,synthetic_Test_000065-C,C,1,3,0,1,0,
ann1,26,4,synthetic_Test_000065-C,C,2,3,0,1,0,
ann1,26,4,synthetic_Test_000065-C,C,3,3,0,5,0,
ann1,26,5,synthetic_Test_000065-D,D,1,3,0,1,0,
ann1,26,5,synthetic_Test_000065-D,D,2,3,0,1,0,
ann1,26,5,synthetic_Test_000065-D,D,3,3,0,5,0,
ann1,26,6,synthetic_Test_000065-E,E,1,3,0,5,0,
ann1,26,6,synthetic_Test_000065-E,E,2,3,0,1,0,
ann1,26,6,synthetic_Test_000065-E,E,3,3,0,1,0,
ann1,26,7,synthetic_Test_000065-G,G,1,3,0,1,0,
ann1,26,7,synthetic_Test_000065-G,G,2,3,0,1,0,
ann1,26,7,synthetic_Test_000065-G,G,3,3,0,5,0,
ann1,27,1,perl_Test_000038-G,G,1,3,1,1,0,
ann1,27,1,perl_Test_000038-G,G,2,3,1,5,0,
ann1,27,1,perl_Test_000038-G,G,3,3,1,3,0,
ann1,27,2,perl_Test_000038-D,D,1,3,1,,,
ann1,27,2,perl_Test_000038-D,D,2,3,1,,,
ann1,27,2,perl_Test_000038-D,D,3,3,1,,,
ann1,27,3,perl_Test_000038-B,B,1,3,1,,,
ann1,27,3,perl_Test_000038-B,B,2,3,1,,,
ann1,27,3,perl_Test_000038-B,B,3,3,1,,,
ann1,27,4,perl_Test_000038-C,C,1,3,1,,,
ann1,27,4,perl_Test_000038-C,C,2,3,1,,,
ann1,27,4,perl_Test_000038-C,C,3,3,1,,,
ann1,27,5,perl_Test_000038-F,F,1,3,1,,,
ann1,27,5,perl_Test_000038-F,F,2,3,1,,,
ann1,27,5,perl_Test_000038-F,F,3,3,1,,,
ann1,27,6,perl_Test_000038-E,E,1,3,1,,,
ann1,27,6,perl_Test_000038-E,E,2,3,1,,,
ann1,27,6,perl_Test_000038-E,E,3,3,1,,,
ann1,27,7,perl_Test_000038-A,A,1,3,1,,,
ann1,27,7,perl_Test_000038-A,A,2,3,1,,,
ann1,27,7,perl_Test_000038-A,A,3,3,1,,,
ann1,28,1,soda_Test_000242-B,B,1,4,0,,,
ann1,28,1,soda_Test_000242-B,B,2,4,0,,,
ann1,28,1,soda_Test_000242-B,B,3,4,0,,,
ann1,28,1,soda_Test_000242-B,B,4,4,0,,,
ann1,28,2,soda_Test_000242-F,F,1,4,0,,,
ann1,28,2,soda_Test_000242-F,F,2,4,0,,,
ann1,28,2,soda_Test_000242-F,F,3,4,0,,,
ann1,28,2,soda_Test_000242-F,F,4,4,0,,,
ann1,28,3,soda_Test_000242-C,C,1,4,0,,,
ann1,28,3,soda_Test_000242-C,C,2,4,0,,,
ann1,28,3,soda_Test_000242-C,C,3,4,0,,,
ann1,28,3,soda_Test_000242-C,C,4,4,0,,,
ann1,28,4,soda_Test_000242-E,E,1,4,0,,,
ann1,28,4,soda_Test_000242-E,E,2,4,0,,,
ann1,28,4,soda_Test_000242-E,E,3,4,0,,,
ann1,28,4,soda_Test_000242-E,E,4,4,0,,,
ann1,28,5,soda_Test_000242-G,G,1,4,0,,,
ann1,28,5,soda_Test_000242-G,G,2,4,0,,,
ann1,28,5,soda_Test_000242-G,G,3,4,0,,,
ann1,28,5,soda_Test_000242-G,G,4,4,0,,,
ann1,28,6,soda_Test_000242-D,D,1,4,0,,,
ann1,28,6,soda_Test_000242-D,D,2,4,0,,,
ann1,28,6,soda_Test_000242-D,D,3,4,0,,,
ann1,28,6,soda_Test_000242-D,D,4,4,0,,,
ann1,28,7,soda_Test_000242-A,A,1,4,0,,,
ann1,28,7,soda_Test_000242-A,A,2,4,0,,,
ann1,28,7,soda_Test_000242-A,A,3,4,0,,,
ann1,28,7,soda_Test_000242-A,A,4,4,0,,,
